554005;ÄHTÄRIN RAVINTOLA;63700;ÄHTÄRI;Ma-Pe 09:30-16:00;62.5503665;24.0687492;
547204;AKAAN RAVINTOLA;37800;AKAA;Ma-Pe 10:00-16:30;61.1680268;23.8666159;
543207;SOININ RAVINTOLA;63800;SOINI;Ma-Pe 09:30-16:00;62.87339859999999;24.2049239;
518807;ALAJÄRVEN RAVINTOLA;62900;ALAJÄRVI;Ma-Pe 09:30-16:00;63.0008257;23.8151559;
500509;ALASTARON RAVINTOLA;32440;ALASTARO;Ma 09:00-15:00, Ti 09:00-17:30, Ke-Pe 09:00-15:00;60.95245929999999;22.864238;
500604;ALAVIESKAN RAVINTOLA;85200;ALAVIESKA;Ma-Ke 09:00-15:30, To 09:00-16:30, Pe 09:00-15:30;64.1670473;24.3043702;
548516;TUURIN RAVINTOLA;63610;TUURI;Ma-Pe 09:30-11:30 ja 12:00-16:30;62.6030186;23.7359609;
500700;ALAVUDEN RAVINTOLA;63300;ALAVUS;Ma-Pe 09:30-16:30;62.5864592;23.6182848;
548502;TÖYSÄN RAVINTOLA;63600;TÖYSÄ;Ma-Pe 09:30-13:00;62.635541;23.820459;
555600;BRÄNDÖ ÅLAND;22920;BRÄNDÖ;Ma-Pe 09:30-16:15;60.3927574;21.0163307;
557870;FÖGLÖ ÅLAND;22710;FÖGLÖ;Ma 09:00-14:00, Ti 12:00-16:00, Ke-Pe 09:00-14:00;60.029619;20.3886845;
501017;PORLAMMIN RAVINTOLA;7820;PORLAMMI;Ma 09:00-12:00 ja 12:30-15:00, Ke 09:00-12:00 ja 12:30-15:00, Pe 09:00-12:00 ja 12:30-15:00;60.6815305;26.0323066;
501003;ARTJÄRVEN RAVINTOLA;16200;ARTJÄRVI;Ma 09:00-16:30, Ti-Pe 09:00-15:00;60.7460863;26.054181;
501300;ASKOLAN RAVINTOLA;7230;MONNINKYLÄ;Ma-Ke 09:00-16:00, To 09:00-16:45, Pe 09:00-16:00;60.4930446;25.5403451;
501327;ASKOLAN RAVINTOLA;7500;ASKOLA;Ma-Ke 09:00-16:00, To 09:00-16:45, Pe 09:00-16:00;60.5271403;25.6012106;
501405;AURAN RAVINTOLA;21381;AURA;Ma-Ke 09:00-15:30, To 09:00-17:30, Pe 09:00-15:30;60.6462062;22.590869;
510319;UIMAHARJUN RAVINTOLA;81280;UIMAHARJU;Ma-Pe 09:00-12:00;62.9134572;30.25339;
510305;ENON RAVINTOLA;81200;ENO;Ma-To 09:00-16:00, Pe 09:00-15:00;62.7990984;30.1577086;
509400;IMATRANKOSKEN RAVINTOLA;55100;IMATRA;Ma-Pe 10:00-16:30;61.17016849999999;28.77084839999999;
540215;RUOKOLAHDEN RAVINTOLA;56100;RUOKOLAHTI;Ma-Pe 10:00-12:00 ja 12:30-14:30;61.29271139999999;28.8123496;
562009;LAPPEENRANNAN RAVINTOLA;53100;LAPPEENRANTA;Ma-Pe 10:00-16:30;61.0582266;28.1907211;
508302;JOUTSENON RAVINTOLA;54100;JOUTSENO;Ma-Pe 10:00-14:00;61.1191115;28.50647;
540201;VUOKSENNISKAN RAVINTOLA;55800;IMATRA;Ma-Pe 10:00-14:00;61.2247016;28.8326774;
531809;PADASJOEN RAVINTOLA;17500;PADASJOKI;Ma-Pe 09:30-16:30;61.35069249999999;25.2771746;
501109;ETELÄ-PÄIJÄNTEEN RAVINTOLA;17200;VÄÄKSY;Ma-Pe 09:30-16:30;61.1717382;25.5501442;
515430;KAUHAJOEN RAVINTOLA;61801;KAUHAJOKI;Ma-Pe 09:30-16:30;62.42349549999999;22.1778426;
553204;YLISTARON RAVINTOLA;61400;YLISTARO;Ma-Pe 09:30-16:30;62.9405358;22.5167784;
507100;ILMAJOEN RAVINTOLA;60800;ILMAJOKI;Ma-Pe 09:30-16:30;62.7322652;22.5808709;
541901;SEINÄJOEN RAVINTOLA;60100;SEINÄJOKI;Ma-Pe 09:30-16:30;62.79101790000001;22.8385105;
507702;JALASJÄRVEN RAVINTOLA;61600;JALASJÄRVI;Ma-Pe 09:30-16:30;62.4891629;22.7625053;
515444;LAPUAN RAVINTOLA;62100;LAPUA;Ma-Pe 09:30-16:30;62.9706886;23.0085503;
515600;KIUKAISTEN RAVINTOLA;27400;KIUKAINEN;Ma-Pe 10:00-16:30;61.2080712;22.0835949;
505201;HINNERJOEN RAVINTOLA;27600;HINNERJOKI;Ma-Pe 10:00-16:30;60.9973536;21.9901231;
502301;EURAN RAVINTOLA;27510;EURA;Ma-Pe 10:00-16:30;61.1301996;22.1401514;
502516;TAMMELAN RAVINTOLA;31300;TAMMELA;Ma-Pe 09:30-16:30;60.80744 ;23.75929;
502502;FORSSAN RAVINTOLA;30101;FORSSA;Ma-Pe 09:30-16:30;60.81506710000001;23.6298322;
568044;KALVOLAN RAVINTOLA;14500;IITTALA;Ma-Pe 10:00-16:30;61.09088149999999;24.1363372;
568075;HATTULAN RAVINTOLA;13720;PAROLA;Ma-Pe 10:00-16:30;61.0544534;24.3688207;
568000;HÄMEENLINNAN RAVINTOLA;13100;HÄMEENLINNA;Ma-Pe 10:00-16:30;60.9956879;24.4632824;
568089;RENGON RAVINTOLA;14300;RENKO;Ma-Pe 10:00-12:00 ja 12:30-16:30;60.8935878;24.281663;
568027;HÄTILÄN RAVINTOLA;13210;HÄMEENLINNA;Ma-Pe 10:00-16:30;61.00345269999999;24.4889833;
547902;HÄMEENLINNAN RAVINTOLA,LAMMIN-TUULOKSEN ALUEKONTTORI;14810;TUULOS;Ma-Pe 10:00-16:30;61.1050853;24.8672043;
502809;HAAPAMÄEN RAVINTOLA;42800;HAAPAMÄKI;Ma-Pe 10:00-16:30;62.2526603;24.4538586;
502812;HAAPAMÄEN RAVINTOLA;35990;KOLHO;Ma-Pe 10:00-16:30;62.1386533;24.499596;
503007;HAILUODON RAVINTOLA;90480;HAILUOTO;Ma-Pe 10:00-15:00;65.0130167;24.7288702;
503303;HALSUAN RAVINTOLA;69510;HALSUA;Ma-Ke 09:00-15:30, To 09:00-16:30, Pe 09:00-15:30;63.4609549;24.1703175;
503906;HARTOLAN RAVINTOLA;19600;HARTOLA;Ma-Ke 09:00-15:30, To 09:00-16:30, Pe 09:00-15:30;61.5786977;26.0215553;
504104;HAUHON RAVINTOLA;14700;HAUHO;Ma-Ke 09:00-15:30, To 09:00-17:00, Pe 09:00-15:30;61.172011;24.56311;
504200;HAUKIVUOREN RAVINTOLA;51600;HAUKIVUORI;Ma-Pe 09:30-16:00;62.0243156;27.2066158;
504802;HEINÄVEDEN RAVINTOLA;79700;HEINÄVESI;Ma-Pe 09:00-15:45;62.4254977;28.6322355;
580013;ALEKSIN RAVINTOLA;100;HELSINKI;Ma-To 10:00-19:00, Pe 10:00-16:30;60.1689212;24.9423906;
578007;ARKADIAN RAVINTOLA;100;HELSINKI;Ma-Pe 10:00-16:30;60.1713507;24.9251437;
572411;BULEVARDIN RAVINTOLA;120;HELSINKI;Ma-Pe 10:00-16:30;60.1650363;24.9387049;
578859;POHJOLA RAVINTOLA;13;POHJOLA;Ma-Pe 10:00-16:30;61.2498168;21.7140754;
554223;HAKANIEMEN RAVINTOLA;530;HELSINKI;Ma-Pe 10:00-16:30;60.17813349999999;24.9511341;
572037;HERTTONIEMEN RAVINTOLA;810;HELSINKI;Ma-Pe 10:00-16:30;60.1937021;25.0341174;
578999;MYYRMANNIN RAVINTOLA;1600;VANTAA;Ma-To 10:00-19:00, Pe 10:00-16:30;60.25989799999999;24.8518386;
578968;ITÄKESKUKSEN RAVINTOLA;930;HELSINKI;Ma-Pe 10:00-16:30;60.2126318;25.0854167;
578906;RUOHOLAHDEN RAVINTOLA;180;HELSINKI;Ma-To 12:00-19:00, Pe 10:00-16:30;60.1633062;24.9102517;
579445;KAUNIAISTEN RAVINTOLA;2700;KAUNIAINEN;Ma-Pe 10:00-16:30;60.2097948;24.7291211;
572010;TIKKURILAN RAVINTOLA;1300;VANTAA;Ma-Pe 10:00-16:30;60.29253250000001;25.0375199;
572704;MARTINLAAKSON RAVINTOLA;1620;VANTAA;Ma-To 10:00-19:00, Pe 10:00-16:30;60.27828969999999;24.8545444;
572146;OULUNKYLÄN RAVINTOLA;640;HELSINKI;Ma-Pe 10:00-16:30;60.2284027;24.9622864;
572023;LEPPÄVAARAN RAVINTOLA;2650;ESPOO;Ma-Pe 10:00-16:30;60.2208476;24.8119812;
572115;TAPIOLAN RAVINTOLA;2100;ESPOO;Ma-Pe 10:00-16:30;60.17573549999999;24.8034435;
572207;LAUTTASAAREN RAVINTOLA;200;HELSINKI;Ma-Pe 10:00-16:30;60.1602989;24.881658;
579009;SELLON RAVINTOLA;2600;ESPOO;Ma-To 10:00-19:00, Pe 10:00-16:30;60.2171759;24.8117083;
572194;MALMIN RAVINTOLA;700;HELSINKI;Ma-Pe 10:00-16:30;60.25190969999999;25.010888;
572099;TULLINPUOMIN RAVINTOLA;250;HELSINKI;Ma-Pe 10:00-16:30;60.1909234;24.9131892;
572068;KORSON RAVINTOLA;1450;VANTAA;Ma-Pe 10:00-16:30;60.351023;25.0766016;
572302;MIKONKADUN RAVINTOLA;100;HELSINKI;Ma-Pe 10:00-16:30;60.17052899999999;24.9453811;
572290;MYYRMÄEN RAVINTOLA;1600;VANTAA;Ma-Pe 10:00-16:30;60.2628029;24.8521181;
578055;VANTAAN RAVINTOLA;1300;VANTAA;Ma-Pe 10:00-16:30;60.29085989999999;25.0318295;
578940;KONTULAN RAVINTOLA;940;HELSINKI;Ma-Pe 10:00-16:30;60.23833310000001;25.0836316;
572333;PASILAN RAVINTOLA;520;HELSINKI;Ma-Pe 10:00-16:30;60.1984726;24.934611;
578923;MUNKKIVUOREN RAVINTOLA;350;HELSINKI;Ma-Pe 10:00-16:30;60.205698;24.877714;
578041;ESPOON RAVINTOLA;2100;ESPOO;Ma-Pe 10:00-16:30;60.1743894;24.8073555;
572241;ITÄKESKUKSEN RAVINTOLA;930;HELSINKI;Ma-To 10:00-19:00, Pe 10:00-16:30;60.2105784;25.0780435;
579012;JUMBON RAVINTOLA;1510;VANTAA;Ma-To 10:00-19:00, Pe 10:00-16:30;60.29076809999999;24.962113;
578971;COLUMBUKSEN RAVINTOLA;980;HELSINKI;Ma-To 12:00-19:00, Pe 10:00-16:30;60.2070945;25.1462624;
505106;HIMANGAN RAVINTOLA;68100;HIMANKA;Ma-Ke 09:00-15:30, To 09:00-16:30, Pe 09:00-15:30;64.0618278;23.6540557;
505402;HIRVENSALMEN RAVINTOLA;52550;HIRVENSALMI;Ma-Pe 09:00-15:45;61.64086690000001;26.775646;
505603;HONKILAHDEN RAVINTOLA;27650;HONKILAHTI;Ma 09:00-15:00, Ti 09:00-17:00, Ke-Pe 09:00-15:00;60.96687110000001;22.1564022;
506002;HUMPPILAN RAVINTOLA;31640;HUMPPILA;Ma-To 09:00-16:00, Pe 09:00-16:30;60.92403669999999;23.3690638;
507004;IKAALISTEN RAVINTOLA;39501;IKAALINEN;Ma 09:30-16:30, Ti-Ke 09:30-15:30, To 09:30-16:30, Pe 09:30-15:30;61.7698341;23.0651878;
507205;ILOMANTSIN RAVINTOLA;82900;ILOMANTSI;Ma-To 09:00-16:00, Pe 09:00-15:30;62.6714888;30.9315299;
555705;LOVIISAN RAVINTOLA;7900;LOVIISA;Ma-Pe 09:30-16:15;60.45731960000001;26.2242599;
556118;SÖDERKULLAN RAVINTOLA;1150;SÖDERKULLA;Ma-Pe 09:30-12:00 ja 13:00-16:15;60.298477;25.3265031;
554407;ITÄ-UUDENMAAN RAVINTOLA;6100;PORVOO;Ma-Pe 09:30-16:15;60.39431869999999;25.6591531;
556104;NIKKILÄN RAVINTOLA;4130;SIPOO;Ma-Pe 09:30-12:00 ja 13:00-16:15;60.37640619999999;25.2688254;
509120;KOSKENPÄÄN RAVINTOLA;42440;KOSKENPÄÄ;To 09:00-12:00 ja 12:30-15:00;62.0800356;25.1417362;
509103;JÄMSÄN RAVINTOLA;42100;JÄMSÄ;Ma-Pe 09:30-16:00;61.8648203;25.1933519;
509117;JÄMSÄNKOSKEN RAVINTOLA;42300;JÄMSÄNKOSKI;Ma-Pe 09:30-13:00;61.9185494;25.1696199;
524701;LÄNGELMÄEN RAVINTOLA;35400;LÄNGELMÄKI;Ti 10:00-15:00;61.72918300000001;24.7886373;
507808;JANAKKALAN RAVINTOLA;14200;TURENKI;Ma 10:00-18:00, Ti-Pe 10:00-16:30;60.9228003;24.6488464;
507811;TERVAKOSKEN RAVINTOLA;14200;TURENKI;Ma-Pe 10:00-16:30;60.81652690000001;24.6307743;
516507;KONTIOLAHDEN RAVINTOLA;81100;KONTIOLAHTI;Ma-Pe 10:00-16:30;62.7661434;29.8475076;
577019;NIINIVAARAN RAVINTOLA;80200;JOENSUU;Ma-Pe 10:00-13:00;62.58925139999999;29.7907149;
516541;LEHMON RAVINTOLA;80710;LEHMO;Ma-Pe 10:00-13:00;62.6673186;29.7961261;
577005;JOENSUUN RAVINTOLA;80100;JOENSUU;Ma-Pe 10:00-16:30;62.6009781;29.7658836;
508006;JOKIOISTEN RAVINTOLA;31600;JOKIOINEN;Ma 09:00-16:45, Ti-To 09:00-15:30, Pe 09:00-16:45;60.80354200000001;23.4848096;
508609;JUUAN RAVINTOLA;83900;JUUKA;Ma 09:00-16:30, Ti-Ke 09:00-15:00, To 09:00-16:30, Pe 09:00-15:00;63.2401964;29.2522981;
520408;KÄRKÖLÄN RAVINTOLA;16600;JÄRVELÄ;Ma-Ke 09:30-16:00, To 09:30-17:00, Pe 09:30-16:00;60.8681456;25.2750619;
520609;KÄYLÄN RAVINTOLA;93850;KÄYLÄ;Ma 09:00-16:30, Ti-Pe 09:00-15:30;66.2995354;29.1468073;
547623;KÖYLIÖN RAVINTOLA;27710;KÖYLIÖ;Ma-Pe 09:30-16:30;61.1184014;22.3074953;
547685;KANKAANPÄÄN RAVINTOLA;27840;KÖYLIÖ;To 09:30-12:30 ja 13:00-16:30, Pe 10:00-12:30 ja 13:00-16:30;61.081044;22.3915034;
547606;TUISKULAN RAVINTOLA;27730;TUISKULA;Ke 09:30-12:30 ja 13:00-16:30;61.1763395;22.2293147;
520813;VUORENMAAN RAVINTOLA;27860;KÖYLIÖ;Ma-Ti 09:30-12:30 ja 13:00-16:30;61.06449620000001;22.5131354;
576051;RISTIJÄRVEN RAVINTOLA;88400;RISTIJÄRVI;Ma 10:00-16:00, Ke 10:00-16:00;64.5052413;28.2143058;
576017;HYRYNSALMEN RAVINTOLA;89400;HYRYNSALMI;Ti 10:00-16:00, To-Pe 10:00-16:00;64.67695189999999;28.4906922;
576109;VUOLIJOEN RAVINTOLA;88270;VUOLIJOKI;Ma 10:00-16:00, Ke 10:00-16:00, Pe 10:00-16:00;64.18302299999999;26.9983373;
576003;KAINUUN RAVINTOLA;87101;KAJAANI;Ma-To 10:00-16:30, Pe 10:00-16:00;64.2237352;27.7324475;
576096;VAALAN RAVINTOLA;91700;VAALA;Ma-Pe 10:00-16:00;64.5590315;26.8374048;
509907;KALAJOEN RAVINTOLA;85100;KALAJOKI;Ma-Ke 09:30-16:00, To 09:30-16:30, Pe 09:30-16:00;64.25232319999999;23.9548573;
539105;RAUTION RAVINTOLA;85160;RAUTIO;To 09:00-16:30, Pe 09:00-15:30;64.0999899;24.2551784;
510104;KALKKISTEN RAVINTOLA;17240;KALKKINEN;Ma-Ke 09:00-15:30, To 09:00-16:30, Pe 09:00-15:30;61.2956029;25.681093;
510428;SAHALAHDEN RAVINTOLA;36420;SAHALAHTI;Ma-Pe 09:00-16:00;61.4760695;24.329408;
510400;KANGASALAN RAVINTOLA;36201;KANGASALA;Ma-Pe 10:00-16:30;61.46236330000001;24.0781545;
537704;PÄLKÄNEEN RAVINTOLA;36600;PÄLKÄNE;Ma-Pe 09:00-16:00;61.3364144;24.2701101;
517509;POHJAN RAVINTOLA;36840;POHJA;Ma-Pe 09:00-16:00;61.481575;24.7039479;
510445;VATIALAN RAVINTOLA;36240;KANGASALA;Ma-Pe 10:00-16:30;61.47452209999999;23.9442478;
510506;KANGASNIEMEN RAVINTOLA;51200;KANGASNIEMI;Ma 08:30-16:00, Ti-To 09:00-16:00, Pe 09:00-16:30;61.9896335;26.6435323;
510802;KANNUKSEN RAVINTOLA;69100;KANNUS;Ma-Ke 09:00-15:30, To 09:00-16:30, Pe 09:00-15:30;63.89989240000001;23.9163956;
511106;KARJALAN RAVINTOLA;23100;MYNÄMÄKI;Ma-Ke 09:00-15:45, To 09:00-17:00, Pe 09:00-15:45;60.7854602;22.0854578;
511307;KARKUN RAVINTOLA;38100;SASTAMALA;Ma 09:00-16:45, Ti-To 09:00-15:30, Pe 09:00-16:45;61.44423759999999;23.045581;
511900;KARVIAN RAVINTOLA;39930;KARVIA;Ma-Ti 09:30-15:30, Ke 09:30-17:00, To-Pe 09:30-15:30;62.16398820000001;22.4966608;
512404;KAUSTISEN RAVINTOLA;69600;KAUSTINEN;Ma-Ke 09:30-16:00, To 09:30-16:30, Pe 09:30-16:00;63.5475753;23.6933717;
512714;KEIKYÄN RAVINTOLA;32740;SASTAMALA;Ma-Pe 10:00-16:30;61.28464759999999;22.6969689;
513127;KEMINMAAN RAVINTOLA;94400;KEMINMAA;Ma-Pe 10:00-16:30;65.8010911;24.5473615;
513100;KEMIN RAVINTOLA;94100;KEMI;Ma-Pe 10:00-16:30;65.7367598;24.567006;
542702;SIMON RAVINTOLA;95200;SIMO;Ma-Pe 10:00-16:30;65.6623599;25.0655332;
513300;KERIMÄEN RAVINTOLA;58201;KERIMÄKI;Ma-Pe 09:30-16:15;61.912685;29.2826799;
513903;KESÄLAHDEN RAVINTOLA;59800;KESÄLAHTI;Ma-Pe 09:00-16:00;61.89295929999999;29.8245965;
529047;VAAJAKOSKEN RAVINTOLA;40800;VAAJAKOSKI;Ma-Pe 10:00-16:30;62.2475756;25.8720588;
529002;KESKI-SUOMEN RAVINTOLA;40100;JYVÄSKYLÄ;Ma-Pe 10:00-16:30;62.2424093;25.7471597;
540804;SAARIJÄRVEN RAVINTOLA;43100;SAARIJÄRVI;Ma-Pe 10:00-16:30;62.70518879999999;25.2597928;
513501;KIVIJÄRVEN RAVINTOLA;43800;KIVIJÄRVI;To-Pe 09:00-15:30;63.1283816;25.0529629;
508207;JOUTSAN RAVINTOLA;19650;JOUTSA;Ma-Pe 10:00-16:30;61.74305630000001;26.1081591;
503504;HANKASALMEN RAVINTOLA;41520;HANKASALMI;Ma-Pe 10:00-16:30;62.3906755;26.4354285;
552029;KINNULAN RAVINTOLA;43900;KINNULA;Ma-Ti 09:00-16:00;63.36796640000001;24.9654124;
529033;TIKKAKOSKEN RAVINTOLA;41160;TIKKAKOSKI;Ma-Pe 10:00-16:30;62.38869829999999;25.6463349;
554315;SUOLAHDEN RAVINTOLA;44200;SUOLAHTI;Ma 10:00-13:00, To 10:00-13:00;62.56386320000001;25.8544322;
522105;LAUKAAN RAVINTOLA;41340;LAUKAA;Ma-Pe 10:00-16:30;62.41433840000001;25.9541309;
523202;LIEVESTUOREEN RAVINTOLA;41400;LIEVESTUORE;Ti 10:00-13:00, Pe 10:00-13:00;62.2606166;26.1948882;
552001;VIITASAAREN RAVINTOLA;44500;VIITASAARI;Ma-Pe 10:00-16:30;63.07432739999999;25.859188;
529081;PALOKAN RAVINTOLA;40270;PALOKKA;Ma-Pe 10:00-16:30;62.2878431;25.7150236;
554301;ÄÄNEKOSKEN RAVINTOLA;44100;ÄÄNEKOSKI;Ma-Pe 10:00-16:30;62.6038698;25.7258189;
529095;SEPPÄLÄN RAVINTOLA;40320;JYVÄSKYLÄ;Ma-Pe 10:00-16:30;62.26413400000001;25.7773206;
511402;KARSTULAN RAVINTOLA;43500;KARSTULA;Ma-Pe 10:00-16:30;62.8785401;24.8037775;
508922;UURAISTEN RAVINTOLA;41230;UURAINEN;Ma 10:00-13:00, To 10:00-13:00;62.5005961;25.4389152;
508953;MUURAMEN RAVINTOLA;40950;MUURAME;Ma-Pe 10:00-16:30;62.129397;25.6732776;
506203;HYVINKÄÄN RAVINTOLA;5800;HYVINKÄÄ;Ma-Pe 10:00-16:30;60.6311908;24.86068;
509212;HYRYLÄN RAVINTOLA;4300;TUUSULA;Ma-Pe 10:00-16:30;60.4006382;25.0227927;
530003;NURMIJÄRVEN RAVINTOLA;1900;NURMIJÄRVI;Ma-Pe 10:00-16:30;60.4617354;24.8069419;
530051;RAJAMÄEN RAVINTOLA;5200;RAJAMÄKI;Ma-Pe 10:00-16:30;60.5256882;24.7415159;
530017;KLAUKKALAN RAVINTOLA;1800;KLAUKKALA;Ma-Pe 10:00-16:30;60.3807984;24.7514387;
506217;JOKELAN RAVINTOLA;5400;JOKELA;Ma-Pe 10:00-16:30;60.55350250000001;24.966892;
513205;KERAVAN RAVINTOLA;4200;KERAVA;Ma-Pe 10:00-16:30;60.4041699;25.1021545;
509209;JÄRVENPÄÄN RAVINTOLA;4400;JÄRVENPÄÄ;Ma-Pe 10:00-16:30;60.4724143;25.0891256;
509230;KELLOKOSKEN RAVINTOLA;4500;KELLOKOSKI;Ma-Pe 10:00-16:30;60.5320204;25.1101597;
514207;KIHNIÖN RAVINTOLA;39820;KIHNIÖ;Ma 09:30-16:15, Ti-Pe 09:30-14:00;62.20730529999999;23.1782209;
504772;PYHÄSELÄN RAVINTOLA;82200;HAMMASLAHTI;Ma-Pe 09:00-14:00;62.43252439999999;29.970058;
504707;KIIHTELYSVAARAN RAVINTOLA;82140;KIIHTELYSVR;Ma-Pe 09:00-14:00;62.493792 ;30.249821;
514609;KIIKOISTEN RAVINTOLA;38360;SASTAMALA;Ma-Ke 09:30-16:00, To 09:30-17:00, Pe 09:30-16:00;61.4507185;22.5776824;
515366;TOHMAJÄRVEN RAVINTOLA;82600;TOHMAJÄRVI;Ma 10:00-17:45, Ti-Pe 10:00-16:30;62.2245763;30.3302544;
515304;KITEEN RAVINTOLA;82500;KITEE;Ma 10:00-17:45, Ti-Pe 10:00-16:30;62.09670140000001;30.1445099;
509614;KOILLIS-SAVON RAVINTOLA;73500;JUANKOSKI;Ma-Pe 09:30-16:30;63.066432;28.3313289;
550103;KOILLIS-SAVON RAVINTOLA;73200;VARPAISJÄRVI;Ma-Pe 09:30-16:30;63.35918279999999;27.7557803;
528804;KOILLIS-SAVON RAVINTOLA;73300;NILSIÄ;Ma-Pe 09:30-16:30;63.2031644;28.0847817;
509600;KOILLIS-SAVON RAVINTOLA;73600;KAAVI;Ma-Pe 09:30-16:30;62.9747576;28.4818117;
515907;KOITIN-PERTUNMAAN RAVINTOLA;19540;KOITTI;Ma-Ke 09:00-15:00, To 09:00-16:30, Pe 09:00-15:00;61.5179236;26.2239202;
533601;PERTUNMAAN RAVINTOLA;19430;PERTUNMAA;Ma-Ke 09:00-15:30, To 09:00-16:30, Pe 09:00-15:30;61.50426039999999;26.4817044;
516200;KOKKOLAN RAVINTOLA;67101;KOKKOLA;Ma-Pe 10:00-16:30;63.83647790000001;23.1312786;
516214;KÄLVIÄN RAVINTOLA;68300;KÄLVIÄ;Ma-Ke 09:30-16:00, To 09:30-17:00, Pe 09:30-16:00;63.86088299999999;23.415021;
502407;EVIJÄRVEN RAVINTOLA;62500;EVIJÄRVI;Ma-Pe 09:30-16:00;63.3677086;23.4780301;
523700;LOHTAJAN RAVINTOLA;68230;LOHTAJA;Ma-Ke 09:30-16:00, To 09:30-16:30, Pe 09:30-16:00;64.0229506;23.5073586;
516340;TEERIJÄRVEN RAVINTOLA;68700;TEERIJÄRVI;Ma-Ke 09:30-16:00, To 09:30-16:30, Pe 09:30-16:00;63.54428120000001;23.5120282;
516602;KORPILAHDEN RAVINTOLA;41800;KORPILAHTI;Ma-Ke 09:00-15:45, To 09:00-16:30, Pe 09:00-15:45;62.0173266;25.5622788;
555303;KRUUNUPYYN RAVINTOLA;68500;KRUUNUPYY;Ma-To 09:00-15:30, Pe 09:00-17:00;63.7285588;23.0336152;
555317;ALAVETELIN RAVINTOLA;68410;ALAVETELI;Ma 09:00-17:00, Ti-Pe 09:00-15:30;63.70844349999999;23.3265778;
517604;KUHMOISTEN RAVINTOLA;17800;KUHMOINEN;Ma-Pe 10:00-16:00;61.5635069;25.1821766;
517700;KUHMON RAVINTOLA;88900;KUHMO;Ma-Pe 09:30-16:15;64.12719609999999;29.5239961;
518701;KUORTANEEN RAVINTOLA;63100;KUORTANE;Ma-Pe 09:30-16:30;62.80397310000001;23.5076945;
519005;KURUN RAVINTOLA;34300;KURU;Ma-Pe 09:00-16:00;61.87840199999999;23.7278209;
519407;KUUSAMON RAVINTOLA;93600;KUUSAMO;Ma-Pe 09:30-16:00;65.9655968;29.1866135;
575110;JAALAN RAVINTOLA;47710;JAALA;Ma-Pe 09:00-13:00;61.0495642;26.4848387;
517220;KARHULAN RAVINTOLA;48600;KOTKA;Ma-Pe 10:00-16:30;60.5164651;26.9333836;
517202;KIRKKOKADUN RAVINTOLA;48100;KOTKA;Ma-Pe 10:00-16:30;60.46671369999999;26.9423653;
575001;KOUVOLAN RAVINTOLA;45100;KOUVOLA;Ma-Pe 10:00-16:30;60.867869;26.7021198;
575046;VALKEALAN RAVINTOLA;45370;VALKEALA;Ma-Pe 10:00-16:30;60.94075100000001;26.798611;
517216;SILTAKYLÄN RAVINTOLA;49220;SILTAKYLÄ;Ma-Pe 10:00-16:30;60.4956027;26.7381965;
552308;VIROJOEN RAVINTOLA;49900;VIROLAHTI;Ma-Ti 09:00-15:30, Ke 10:00-15:30, To-Pe 09:00-15:30;60.5835044;27.7081961;
520006;INKEROISTEN RAVINTOLA;46900;INKEROINEN;Ma-Pe 10:00-16:30;60.6932856;26.8404338;
550600;HAMINAN RAVINTOLA;49400;HAMINA;Ma-Pe 10:00-16:15;60.5683865;27.1911857;
575077;KUUSANKOSKEN RAVINTOLA;45700;KUUSANKOSKI;Ma-Pe 10:00-16:30;60.9072526;26.6223889;
520010;MYLLYKOSKEN RAVINTOLA;46800;MYLLYKOSKI;Ma-Pe 10:00-16:30;60.76370329999999;26.7842611;
501750;LILJENDALIN RAVINTOLA;7880;LILJENDAL;Ma 10:00-16:30, To 10:00-16:30;60.5713669;26.0506586;
501637;RUOTSINPYHTÄÄN RAVINTOLA;7970;RUOTSINPHT;Ti-Ke 10:00-16:30, Pe 10:00-16:30;60.5227424;26.4690103;
501640;LAPINJÄRVEN RAVINTOLA;7800;LAPINJÄRVI;Ma-Pe 10:00-16:30;60.6229536;26.1987189;
501623;KUNINKAANKYLÄN RAVINTOLA;7980;KUNINKAANKL;To 10:00-16:30;60.58572900000001;26.4491238;
501610;KORIAN RAVINTOLA;45610;KORIA;Ma-Pe 10:00-16:30;60.84698739999999;26.6034124;
501606;ELIMÄEN RAVINTOLA;47200;ELIMÄKI;Ma-Pe 10:00-16:30;60.7215559;26.4471376;
570265;MERIKARVIAN RAVINTOLA;29900;MERIKARVIA;Ma-Pe 10:00-16:30;61.86099519999999;21.5090711;
563059;PYHÄRANNAN RAVINTOLA;23950;PYHÄRANTA;Ti 10:00-16:30, Pe 10:00-16:30;60.949651;21.4435295;
570020;ULVILAN RAVINTOLA;28400;ULVILA;Ma-Pe 10:00-16:30;61.42802809999999;21.8753213;
570047;PIHLAVAN RAVINTOLA;28800;PORI;Ma-Pe 10:00-16:30;61.5557123;21.6033543;
563014;IHODEN RAVINTOLA;27320;IHODE;To-Pe 10:00-16:30;60.9862903;21.5899007;
570203;SIIKAISTEN RAVINTOLA;29810;SIIKAINEN;Ma-Pe 10:00-16:30;61.8777892;21.8237952;
563000;KAUPPAKATU RAVINTOLA;26100;RAUMA;Ma-Pe 10:00-16:30;61.12829910000001;21.5055637;
570064;REPOSAAREN RAVINTOLA;28900;PORI;Ti 10:00-16:30, To 10:00-16:30;61.6114124;21.4463754;
502206;EURAJOEN RAVINTOLA;27100;EURAJOKI;Ma-Pe 10:00-16:30;61.20180360000001;21.7279377;
563028;KODISJOEN RAVINTOLA;27310;KODISJOKI;Ma 10:00-16:30;61.027801;21.6869498;
570404;NOORMARKUN RAVINTOLA;29600;NOORMARKKU;Ma-Pe 10:00-16:30;61.59258500000001;21.8674786;
563062;SYVÄRAUMAN RAVINTOLA;26200;RAUMA;Ti 10:00-16:30, To 10:00-16:30;61.1448084;21.48318;
563045;PARONALHON RAVINTOLA;26660;RAUMA;Ma 10:00-16:30, Ke 10:00-16:30, Pe 10:00-16:30;61.11855600000001;21.5272876;
570078;VÄHÄRAUMAN RAVINTOLA;28610;PORI;Ma-Pe 10:00-16:30;61.4862197;21.746296;
532504;PANELIAN RAVINTOLA;27430;PANELIA;Ma-Pe 10:00-16:30;61.22646939999999;21.9728445;
510601;KANKAANPÄÄN RAVINTOLA;38700;KANKAANPÄÄ;Ma-Pe 10:00-16:30;61.8049721;22.3954533;
570095;VANHAKOIVISTON RAVINTOLA;28360;PORI;Ma-Pe 10:00-16:30;61.4737934;21.8315497;
570234;POMARKUN RAVINTOLA;29630;POMARKKU;Ma 10:00-16:30, Ke 10:00-16:30, Pe 10:00-16:30;61.69557709999999;22.0120232;
570081;LÄNSI-SUOMEN RAVINTOLA,BEPOP;28100;PORI;Ma-Pe 10:00-16:30;61.4827115;21.7964137;
523604;LOHJAN RAVINTOLA;8100;LOHJA;Ma 10:00-17:00, Ti-Pe 10:00-16:30;60.2508523;24.0670258;
529806;SAUKKOLAN RAVINTOLA;9430;SAUKKOLA;Ma 10:00-17:00, Ti-Pe 10:00-16:30;60.3805743;23.9595628;
529745;VEIKKOLAN RAVINTOLA;2880;VEIKKOLA;Ma 10:00-17:00, Ti-Pe 10:00-16:30;60.2690761;24.4444154;
529714;VIHDIN RAVINTOLA;3400;VIHTI;Ma 10:00-17:00, Ti-Pe 10:00-16:30;60.41653;24.32326;
555409;KIRKKONUMMEN RAVINTOLA;2400;KIRKKONUMMI;Ma 10:00-17:00, Ti-Pe 10:00-16:30;60.1243655;24.4385148;
529728;KARKKILAN RAVINTOLA;3600;KARKKILA;Ma 10:00-17:00, Ti-Pe 10:00-16:30;60.5360202;24.2111972;
529700;NUMMELAN RAVINTOLA;3100;NUMMELA;Ma 10:00-17:00, Ti-Pe 10:00-16:30;60.3356814;24.3208403;
521400;LAPIN RAVINTOLA;27230;LAPPI;Ma-Ti 09:30-16:30, Ke 09:30-17:30, To-Pe 09:30-16:30;61.1008717;21.846427;
522401;LEHTIMÄEN RAVINTOLA;63500;LEHTIMÄKI;Ma-Ke 09:00-15:30, To 09:00-16:30, Pe 09:00-15:30;62.81742039999999;23.9427559;
522708;LEMIN RAVINTOLA;54710;LEMI;Ma-Ke 09:30-16:00, To 09:30-17:00, Pe 09:30-16:00;61.06116849999999;27.8039024;
523001;LEPPÄVIRRAN RAVINTOLA;79100;LEPPÄVIRTA;Ma-Pe 09:30-16:15;62.56983109999999;28.5788532;
523308;LIMINGAN RAVINTOLA;91900;LIMINKA;Ma-Pe 10:00-16:00;64.80973660000001;25.4163865;
551803;VIINIJÄRVEN RAVINTOLA;83400;VIINIJÄRVI;Ma-Pe 10:00-16:00;62.6450238;29.2299904;
523403;LIPERIN RAVINTOLA;83100;LIPERI;Ma-Pe 10:00-16:00;62.5308485;29.3856854;
523420;YLÄMYLLYN RAVINTOLA;80400;YLÄMYLLY;Ma-Pe 10:00-16:00;62.619464;29.5679123;
523900;LOIMAAN RAVINTOLA;32200;LOIMAA;Ma-Pe 09:45-16:15;60.8505579;23.0559112;
524003;LOKALAHDEN RAVINTOLA;23450;LOKALAHTI;Ma-Ke 09:00-15:00, To 09:00-17:00, Pe 09:00-15:00;60.67971999999999;21.4656525;
525315;LOPEN RAVINTOLA;12700;LOPPI;Ma-Pe 10:00-16:00;60.7188919;24.4419119;
511603;KARUNAN RAVINTOLA;21590;KARUNA;Ma 09:30-17:00, Ti-Ke 09:30-16:00, To 10:00-16:00, Pe 09:30-16:00;60.2805978;22.5797724;
541404;SAUVON RAVINTOLA;21571;SAUVO;Ma 09:30-17:00, Ti-Pe 09:30-16:00;60.3431069;22.6937941;
531904;LOUNAIS-SUOMEN RAVINTOLA;21530;PAIMIO;Ma 09:30-17:00, Ti-Pe 09:30-16:00;60.45619929999999;22.689148;
525904;MASKUN RAVINTOLA;21250;MASKU;Ma 10:00-16:00, Ti 10:00-16:45, Ke-Pe 10:00-16:00;60.5702053;22.0959109;
521103;LAITILAN RAVINTOLA;23800;LAITILA;Ma-Pe 10:00-16:30;60.8805094;21.6949031;
519100;KUSTAVIN RAVINTOLA;23360;KUSTAVI;Ma-Ke 09:00-16:00, To 09:00-16:30, Pe 09:00-16:00;60.54575879999999;21.3588604;
549102;UUDENKAUPUNGIN RAVINTOLA;23500;UUSIKAUPUNKI;Ma-Pe 10:00-16:30;60.79957220000001;21.4113873;
549116;KALANNIN RAVINTOLA;23600;KALANTI;Ma-Pe 10:00-16:30;60.8201057;21.5578136;
524204;LUHANGAN RAVINTOLA;19910;TAMMIJÄRVI;Ma-Pe 09:00-15:30;61.8317522;25.8231779;
524252;TOIVAKAN RAVINTOLA;41660;TOIVAKKA;Ma-Pe 09:00-13:00;62.0975407;26.0816192;
500220;LUOPIOISTEN RAVINTOLA;36760;LUOPIOINEN;Ma 08:30-15:30, Ti 09:00-16:00, Ke 08:30-15:30, To 09:00-16:00, Pe 08:30-15:30;61.3632085;24.6567421;
545306;LUUMÄEN RAVINTOLA;54500;TAAVETTI;Ma-Pe 09:30-16:15;60.9224713;27.5679491;
552110;VILPPULAN RAVINTOLA;35700;VILPPULA;Ma-Pe 10:00-16:30;62.02174949999999;24.5113587;
552190;KEURUUN RAVINTOLA;42700;KEURUU;Ma-To 10:00-13:00, Pe 10:00-16:30;62.26006160000001;24.7076075;
552138;POHJASLAHDEN RAVINTOLA;42850;POHJASLAHTI;Ma 10:00-16:00;62.1537678;24.131525;
552124;HALLIN RAVINTOLA;35600;HALLI;Ma-To 10:00-13:00, Pe 10:00-16:30;61.76845179999999;23.0624124;
552107;MÄNTÄN RAVINTOLA;35800;MÄNTTÄ;Ma-Pe 10:00-16:30;62.03167430000001;24.6233217;
528201;MÄNTSÄLÄN RAVINTOLA;4600;MÄNTSÄLÄ;Ma 09:30-17:30, Ti-Pe 09:30-16:00;60.6357113;25.3195383;
525407;MAANINGAN RAVINTOLA;71750;MAANINKA;Ma-Pe 09:00-16:00;63.1550074;27.2992574;
525809;MARTTILAN RAVINTOLA;21490;MARTTILA;Ma-Ke 09:00-15:00, To 09:00-17:30, Pe 09:00-15:00;60.5846706;22.9001434;
526007;MELLILÄN RAVINTOLA;32300;MELLILÄ;Ma-Ke 09:00-15:00, To 09:00-17:00, Pe 09:00-15:00;60.7794151;22.9255851;
526504;MERIMASKUN RAVINTOLA;21160;MERIMASKU;Ma-Ke 09:30-16:30, To 09:30-17:00, Pe 09:30-16:30;60.48107690000001;21.8712123;
526600;METSÄMAAN RAVINTOLA;32270;METSÄMAA;Ma 09:00-17:00, Ti-Pe 09:00-15:00;60.93929240000001;23.1538524;
526800;MIEHIKKÄLÄN RAVINTOLA;49700;MIEHIKKÄLÄ;Ma-Pe 09:00-15:30;60.66687779999999;27.6949927;
526814;MUURIKKALAN RAVINTOLA;49730;MUURIKKALA;Ti 08:30-15:00, To 08:30-15:00;60.6575689;27.8851641;
527319;HÄIJÄÄN RAVINTOLA;38420;SASTAMALA;Ma-To 09:00-15:30, Pe 09:00-17:00;61.5012297;23.1064495;
527305;MOUHIJÄRVEN RAVINTOLA;38460;SASTAMALA;Ma-To 09:00-15:30, Pe 09:00-17:00;61.5132266;23.0094931;
526906;MIETOISTEN RAVINTOLA;23120;MIETOINEN;Ma-Ke 08:45-15:00, To 08:45-17:30, Pe 08:45-15:00;60.6271269;21.9259539;
528000;MYNÄMÄEN RAVINTOLA;23100;MYNÄMÄKI;Ma-Ke 08:45-15:30, To 08:45-17:00, Pe 08:45-15:30;60.6790573;21.988086;
528106;MYRSKYLÄN RAVINTOLA;7600;MYRSKYLÄ;Ma-To 08:45-15:30, Pe 08:45-16:30;60.6697882;25.8514995;
524606;LUVIAN RAVINTOLA;29100;LUVIA;Ma-Pe 10:00-16:30;61.3611477;21.6236301;
528508;NAKKILAN RAVINTOLA;29250;NAKKILA;Ma-Pe 10:00-16:30;61.3659252;22.0035424;
556009;NAUVON RAVINTOLA;21660;NAUVO;Ma-Ke 08:30-15:30, To 08:30-17:00, Pe 08:30-15:30;60.19263969999999;21.9095538;
528709;NIINIJOEN RAVINTOLA;32410;NIINIJOKI;Ma-Ke 09:00-15:00, To 09:00-17:00, Pe 09:00-15:00;60.8593538;22.8767371;
529108;NIVALAN RAVINTOLA;85500;NIVALA;Ma-Pe 09:30-16:15;63.92959159999999;24.9610462;
522909;LEMUN RAVINTOLA;21230;LEMU;Ti-To 09:00-16:00;60.5694057;21.9700352;
529500;NOUSIAISTEN RAVINTOLA;21270;NOUSIAINEN;Ma 10:00-17:30, Ti-Pe 09:00-16:00;60.59826090000001;22.0844685;
530807;ORIMATTILAN RAVINTOLA;16300;ORIMATTILA;Ma 10:00-18:00, Ti-Pe 10:00-16:30;60.80462059999999;25.7325823;
530902;ORIPÄÄN RAVINTOLA;32500;ORIPÄÄ;Ma-Ke 09:00-15:00, To 09:00-18:00, Pe 09:00-15:00;60.8562757;22.6967432;
501807;ERÄJÄRVEN RAVINTOLA;35220;ERÄJÄRVI;Ti 10:00-16:30, To 10:00-17:00;61.57800479999999;24.5620229;
531100;ORIVEDEN RAVINTOLA;35300;ORIVESI;Ma-Ke 10:00-16:30, To 10:00-17:00, Pe 10:00-16:30;61.6767762;24.3575948;
508704;JUUPAJOEN RAVINTOLA;35500;KORKEAKOSKI;Ma-Ke 10:00-16:30, To 10:00-17:00, Pe 10:00-16:30;61.7970039;24.3697607;
533506;RAVINTOLA KANTRISALO;25190;PERTTELI;Ma-Pe 09:30-16:30;60.43623799999999;23.2773437;
514302;KIIKALAN RAVINTOLA;25390;KIIKALA;Ma-Pe 09:00-15:00;60.46086829999999;23.5519473;
519608;YLIKULMAN RAVINTOLA;25340;KANUNKI;Ma-Pe 09:00-14:00;60.54985720000001;23.2818713;
555007;KEMIÖN RAVINTOLA;25700;KEMIÖ;Ma-Pe 10:00-16:30;60.1629978;22.7290029;
554983;HANGON RAVINTOLA;10900;HANKO;Ma-Pe 10:00-16:30;59.82603729999999;22.9661702;
554904;KARJAAN RAVINTOLA;10300;KARJAA;Ma-Pe 10:00-16:30;60.07003729999999;23.659941;
555041;TAALINTEHTAAN RAVINTOLA;25900;TAALINTEHDAS;Ma 10:00-13:00, Ke 10:00-13:00, Pe 10:00-13:00;60.02011959999999;22.5096872;
554966;TAMMISAAREN RAVINTOLA;10600;TAMMISAARI;Ma-Pe 10:00-16:30;59.9761853;23.4387038;
531301;OULAISTEN RAVINTOLA;86300;OULAINEN;Ma-Pe 09:30-16:15;64.2678918;24.8157048;
526102;MERIJÄRVEN RAVINTOLA;86220;MERIJÄRVI;Ma 09:30-16:15, Ti 09:30-13:00, Ke 10:00-13:00, To-Pe 09:30-13:00;64.2972199;24.447019;
535002;IIN RAVINTOLA;91100;II;Ma-Pe 09:30-16:30;65.3230209;25.3779513;
553003;YLIKIIMINGIN RAVINTOLA;91300;YLIKIIMINKI;Ma 09:30-12:30 ja 13:00-16:30, Ke 09:30-12:30 ja 13:00-16:30, Pe 09:30-12:30 ja 13:00-16:30;65.0306145;26.1527718;
574136;ISONKADUN RAVINTOLA;90100;OULU;Ma-Pe 09:30-16:30;65.0125782;25.4738231;
574602;OULUN RAVINTOLA,OP-PRIVATE OULU;90100;OULU;Ma-Pe 09:30-16:30;65.0125782;25.4738231;
574140;OULUN RAVINTOLA,YRITYSKONTTORI;90100;OULU;Ma-Pe 09:30-16:30;65.0125782;25.4738231;
574119;LUMIJOEN RAVINTOLA;91980;LUMIJOKI;Ma 09:30-12:30 ja 13:00-16:30, Ke 09:30-12:30 ja 13:00-16:30, Pe 09:30-12:30 ja 13:00-16:30;64.8366939;25.1910597;
537302;PYHÄNNÄN RAVINTOLA;92930;PYHÄNTÄ;Ma-Pe 09:30-16:30;64.0967847;26.3312512;
574089;TUIRAN RAVINTOLA;90500;OULU;Ma-Pe 09:30-16:30;65.0243127;25.4696633;
574477;KAAKKURIN RAVINTOLA;90420;OULU;Ma-To 10:00-19:00, Pe 10:00-17:00;64.95625989999999;25.5240646;
574044;KEMPELEEN RAVINTOLA;90440;KEMPELE;Ma-Pe 09:30-16:30;64.9125224;25.5033253;
574092;KASTELLIN RAVINTOLA;90230;OULU;Ma-Pe 09:30-16:30;65.01331809999999;25.5314605;
574075;HAUKIPUTAAN RAVINTOLA;90830;HAUKIPUDAS;Ma-Pe 09:30-16:30;65.1750783;25.349773;
574153;KIIMINGIN RAVINTOLA;90900;KIIMINKI;Ma-Pe 09:30-16:30;65.12939659999999;25.7775014;
527400;MUHOKSEN RAVINTOLA;91500;MUHOS;Ma-Pe 09:30-16:30;64.8058023;26.0001244;
519703;OUTOKUMMUN RAVINTOLA;83500;OUTOKUMPU;Ma-Ke 10:00-16:15, To 10:00-17:15, Pe 10:00-16:15;62.7260102;29.0159111;
561211;TRION RAVINTOLA;15140;LAHTI;Ma-Pe 09:30-16:30;60.98255459999999;25.6633731;
561116;HOLLOLAN RAVINTOLA;15870;HOLLOLA;Ma-Pe 09:30-16:30;60.98897150000001;25.5163473;
516909;HÄMEENKOSKEN RAVINTOLA;16800;HÄMEENKOSKI;Ma-Ti 09:30-16:00, Ke 09:30-17:00, To-Pe 09:30-16:00;61.02112789999999;25.156658;
561041;NASTOLAN RAVINTOLA;15550;NASTOLA;Ma-Pe 09:30-16:30;60.936357;25.9605643;
504506;HEINOLAN RAVINTOLA;18100;HEINOLA;Ma-Pe 09:30-16:30;61.2033662;26.0308992;
506901;IITIN RAVINTOLA;47400;KAUSALA;Ma-Pe 09:30-12:30 ja 13:30-16:30;60.8888899;26.3389179;
538011;PÖYTYÄN RAVINTOLA;21870;RIIHIKOSKI;Ma-Ke 09:00-15:30, To 09:00-17:30, Pe 09:00-15:30;60.7181722;22.6031329;
571066;MAARIAN RAVINTOLA;20460;TURKU;Ma-Pe 10:00-16:30;60.54125430000001;22.3506603;
531608;PAATTISTEN RAVINTOLA;21330;PAATTINEN;Ma-Pe 10:00-16:30;60.592926;22.3832904;
532409;PALTAMON RAVINTOLA;88300;PALTAMO;Ma 09:00-15:00, Ti 09:00-16:30, Ke 09:00-15:00, To 09:00-16:30, Pe 09:00-15:00;64.40765890000002;27.8343774;
532600;PARIKKALAN RAVINTOLA;59100;PARIKKALA;Ma-Pe 09:00-15:00;61.5559623;29.501022;
532705;PARKANON RAVINTOLA;39700;PARKANO;Ma-Pe 09:30-16:15;62.0103309;23.0228698;
533802;PERÄSEINÄJOEN RAVINTOLA;61100;PERÄSEINÄJK;Ma-Ti 09:00-16:00, Ke 09:00-16:45, To-Pe 09:00-16:00;62.56116849999999;23.0623529;
533305;PERHON RAVINTOLA;69950;PERHO;Ma 09:00-16:30, Ti-Pe 09:00-15:30;63.21285;24.42381;
534201;PIELAVEDEN RAVINTOLA;72401;PIELAVESI;Ma-Pe 09:00-15:30;63.2322246;26.7577286;
549600;VALTIMON RAVINTOLA;75700;VALTIMO;Ma-Pe 09:15-16:00;63.6784585;28.8159973;
534307;PIELISEN RAVINTOLA;81700;LIEKSA;Ma-Pe 09:15-16:00;63.3170013;30.0314163;
529901;NURMEKSEN RAVINTOLA;75530;NURMES;Ma-Pe 09:15-16:00;63.5563492;29.1057854;
551401;VIEKIN RAVINTOLA;81860;VIEKIJÄRVI;Ma 09:15-16:00, To 09:15-16:00;63.4019518;29.7144185;
554809;ÄHTÄVÄN RAVINTOLA;68820;ÄHTÄVÄ;Ma 09:00-17:00, Ti-Pe 09:00-15:30;63.5947894;23.0454466;
556741;LUODON RAVINTOLA;68570;LUOTO;Ma 09:00-17:00, Ti-Pe 09:00-15:30;63.7514611;22.7451424;
556707;PIETARSAAREN RAVINTOLA;68600;PIETARSAARI;Ma-Pe 10:00-16:30;63.6742776;22.702822;
534508;PIHTIPUTAAN RAVINTOLA;44800;PIHTIPUDAS;Ma-Ke 10:00-15:30, To 10:00-16:30, Pe 10:00-15:30;63.370652;25.5758909;
506885;LAPINLAHDEN RAVINTOLA;73100;LAPINLAHTI;Ma-Pe 09:30-16:30;63.3663658;27.3917984;
550039;VARKAUDEN RAVINTOLA;78201;VARKAUS;Ma-Pe 09:30-16:30;62.3170478;27.8685748;
560036;KARTTULAN RAVINTOLA;72100;KARTTULA;Ma-Pe 09:30-16:30;62.89483599999999;26.9730108;
506868;KIURUVEDEN RAVINTOLA;74700;KIURUVESI;Ma-Pe 09:30-16:30;63.6536922;26.6202619;
560005;KUOPION RAVINTOLA;70100;KUOPIO;Ma-Pe 09:30-16:30;62.8931232;27.6796841;
560070;PUIJONLAAKSON RAVINTOLA;70200;KUOPIO;Ma-Pe 09:30-16:30;62.90257639999999;27.6496909;
506806;IISALMEN RAVINTOLA;74101;IISALMI;Ma-Pe 09:30-16:30;63.5587112;27.1893728;
539000;RAUTAVAARAN RAVINTOLA;73900;RAUTAVAARA;Ma-Pe 09:30-16:30;63.4951065;28.2959184;
560888;SIILINJÄRVEN RAVINTOLA;71800;SIILINJÄRVI;Ma-Pe 09:30-16:30;63.0745695;27.6586258;
564142;IVALON RAVINTOLA;99801;IVALO;Ma-Pe 10:00-16:00;68.653595;27.542158;
564125;SODANKYLÄN RAVINTOLA;99600;SODANKYLÄ;Ma-Pe 10:00-16:00;67.41708950000002;26.5930631;
564357;KOLARIN RAVINTOLA;95900;KOLARI;Ma-Pe 10:00-15:00;67.33169930000001;23.7848393;
564309;PELLON RAVINTOLA;95700;PELLO;Ma-Pe 10:00-15:00;66.77388839999999;23.9706944;
564002;KOSKIKADUN RAVINTOLA;96101;ROVANIEMI;Ma-Pe 10:00-16:30;66.5024025;25.7330803;
564187;UTSJOEN RAVINTOLA;99980;UTSJOKI;Ma 12:00-16:00, Ti 10:00-13:00, To 12:00-16:00, Pe 10:00-13:00;69.90710419999999;27.0311439;
564388;ENONTEKIÖN RAVINTOLA;99400;ENONTEKIÖ;Ma-Pe 10:00-13:00;68.3848332;23.6364575;
564081;SAARENKYLÄN RAVINTOLA;96900;SAARENKYLÄ;Ma-Pe 10:00-16:30;66.5175707;25.7583679;
564374;MUONION RAVINTOLA;99300;MUONIO;Ma-Pe 10:00-14:00;67.95586349999999;23.6804185;
564248;SAVUKOSKEN RAVINTOLA;98800;SAVUKOSKI;Ma 10:00-13:00, To 10:00-13:00;67.2925333;28.1570825;
564108;KITTILÄN RAVINTOLA;99100;KITTILÄ;Ma-Pe 10:00-16:00;67.65619509999999;24.9094311;
564901;KEMIJÄRVEN RAVINTOLA;98100;KEMIJÄRVI;Ma-Pe 10:00-16:00;66.7138604;27.4297142;
564466;RANUAN RAVINTOLA;97700;RANUA;Ma-Ke 10:00-14:00, To 10:00-16:00, Pe 10:00-14:00;65.9276567;26.5189997;
535404;POLVIJÄRVEN RAVINTOLA;83700;POLVIJÄRVI;Ma 09:00-16:30, Ti-Pe 09:00-15:00;62.85552000000001;29.3711102;
535714;PORNAISTEN RAVINTOLA;7170;PORNAINEN;Ma-Pe 09:45-16:30;60.4771995;25.3741806;
535806;PORVOON RAVINTOLA;6100;PORVOO;Ma-Pe 09:45-16:30;60.39305899999999;25.665568;
535901;POSION RAVINTOLA;97900;POSIO;Ma-Pe 09:30-16:00;66.11233779999999;28.1598146;
536004;PUDASJÄRVEN RAVINTOLA;93100;PUDASJÄRVI;Ma-Pe 09:00-16:00;65.359138;26.9965054;
536100;PUKKILAN RAVINTOLA;7560;PUKKILA;Ma 09:00-15:00, Ti 09:00-17:00, Ke 09:00-15:00, To 09:00-17:00, Pe 09:00-15:00;60.6454212;25.5794074;
536205;PULKKILAN RAVINTOLA;92600;PULKKILA;Ma 09:00-16:30, Ti-To 09:00-15:00, Pe 09:00-16:00;64.2699274;25.8668696;
536501;PUNKALAITUMEN RAVINTOLA;31900;PUNKALAIDUN;Ma-Pe 09:30-16:15;61.109018;23.1262385;
536607;PUOLANGAN RAVINTOLA;89200;PUOLANKA;Ma 09:00-16:30, Ti-Pe 09:00-15:30;64.8677261;27.6756657;